EEID,Full Name,Job Title,Department
E02387,Emily Davis,Sr. Manger,IT
E04105,Theodore Dinh,Technical Architect,IT
E02572,Luna Sanders,Director,Finance
E02832,Penelope Jordan,Computer Systems Manager,IT
E01639,Austin Vo,Sr. Analyst,Finance
E00644,Joshua Gupta,Account Representative,Sales
E01550,Ruby Barnes,Manager,IT
E04332,Luke Martin,Analyst,Finance
E04533,Easton Bailey,Manager,Accounting
E03838,Madeline Walker,Sr. Analyst,Finance
E00591,Savannah Ali,Sr. Manger,Human Resources
E03344,Camila Rogers,Controls Engineer,Engineering
E00530,Eli Jones,Manager,Human Resources
E04239,Everleigh Ng,Sr. Manger,Finance
